index,sample_id,weather,timing
0001,TRAIN_0000,normal,day
0002,TRAIN_0001,normal,day
0003,TRAIN_0004,normal,day
0004,TRAIN_0006,snowy,day
0005,TRAIN_0006,snowy,day
0006,TRAIN_0007,normal,day
0007,TRAIN_0009,snowy,day
0008,TRAIN_0009,snowy,day
0009,TRAIN_0011,normal,day
0010,TRAIN_0015,normal,day
0011,TRAIN_0016,normal,day
0012,TRAIN_0017,normal,day
0013,TRAIN_0020,normal,day
0014,TRAIN_0021,normal,day
0015,TRAIN_0023,snowy,night
0016,TRAIN_0023,snowy,night
0017,TRAIN_0023,snowy,night
0018,TRAIN_0023,snowy,night
0019,TRAIN_0023,snowy,night
0020,TRAIN_0023,snowy,night
0021,TRAIN_0023,snowy,night
0022,TRAIN_0023,snowy,night
0023,TRAIN_0023,snowy,night
0024,TRAIN_0023,snowy,night
0025,TRAIN_0031,normal,day
0026,TRAIN_0035,snowy,night
0027,TRAIN_0035,snowy,night
0028,TRAIN_0035,snowy,night
0029,TRAIN_0035,snowy,night
0030,TRAIN_0035,snowy,night
0031,TRAIN_0035,snowy,night
0032,TRAIN_0035,snowy,night
0033,TRAIN_0035,snowy,night
0034,TRAIN_0035,snowy,night
0035,TRAIN_0035,snowy,night
0036,TRAIN_0037,normal,day
0037,TRAIN_0038,normal,night
0038,TRAIN_0038,normal,night
0039,TRAIN_0047,rainy,day
0040,TRAIN_0047,rainy,day
0041,TRAIN_0047,rainy,day
0042,TRAIN_0048,normal,day
0043,TRAIN_0049,normal,day
0044,TRAIN_0050,normal,night
0045,TRAIN_0050,normal,night
0046,TRAIN_0055,normal,night
0047,TRAIN_0055,normal,night
0048,TRAIN_0056,normal,day
0049,TRAIN_0058,snowy,day
0050,TRAIN_0058,snowy,day
0051,TRAIN_0059,normal,day
0052,TRAIN_0060,normal,day
0053,TRAIN_0061,normal,day
0054,TRAIN_0064,normal,day
0055,TRAIN_0065,normal,day
0056,TRAIN_0066,normal,day
0057,TRAIN_0074,normal,day
0058,TRAIN_0077,normal,day
0059,TRAIN_0080,normal,day
0060,TRAIN_0081,normal,day
0061,TRAIN_0097,normal,day
0062,TRAIN_0105,normal,day
0063,TRAIN_0106,normal,day
0064,TRAIN_0107,normal,day
0065,TRAIN_0108,normal,day
0066,TRAIN_0109,normal,day
0067,TRAIN_0111,normal,day
0068,TRAIN_0113,normal,day
0069,TRAIN_0114,normal,day
0070,TRAIN_0115,normal,day
0071,TRAIN_0123,normal,night
0072,TRAIN_0123,normal,night
0073,TRAIN_0126,normal,day
0074,TRAIN_0129,snowy,night
0075,TRAIN_0129,snowy,night
0076,TRAIN_0129,snowy,night
0077,TRAIN_0129,snowy,night
0078,TRAIN_0129,snowy,night
0079,TRAIN_0129,snowy,night
0080,TRAIN_0129,snowy,night
0081,TRAIN_0129,snowy,night
0082,TRAIN_0129,snowy,night
0083,TRAIN_0129,snowy,night
0084,TRAIN_0143,snowy,day
0085,TRAIN_0143,snowy,day
0086,TRAIN_0144,normal,night
0087,TRAIN_0144,normal,night
0088,TRAIN_0145,normal,day
0089,TRAIN_0149,normal,day
0090,TRAIN_0152,normal,day
0091,TRAIN_0153,normal,day
0092,TRAIN_0156,normal,day
0093,TRAIN_0164,snowy,day
0094,TRAIN_0164,snowy,day
0095,TRAIN_0168,normal,day
0096,TRAIN_0170,normal,day
0097,TRAIN_0172,normal,day
0098,TRAIN_0173,snowy,night
0099,TRAIN_0173,snowy,night
0100,TRAIN_0173,snowy,night
0101,TRAIN_0173,snowy,night
0102,TRAIN_0173,snowy,night
0103,TRAIN_0173,snowy,night
0104,TRAIN_0173,snowy,night
0105,TRAIN_0173,snowy,night
0106,TRAIN_0173,snowy,night
0107,TRAIN_0173,snowy,night
0108,TRAIN_0174,snowy,day
0109,TRAIN_0174,snowy,day
0110,TRAIN_0186,normal,day
0111,TRAIN_0190,normal,night
0112,TRAIN_0190,normal,night
0113,TRAIN_0196,normal,day
0114,TRAIN_0205,normal,day
0115,TRAIN_0207,rainy,day
0116,TRAIN_0207,rainy,day
0117,TRAIN_0207,rainy,day
0118,TRAIN_0213,normal,day
0119,TRAIN_0215,normal,day
0120,TRAIN_0220,normal,day
0121,TRAIN_0221,normal,night
0122,TRAIN_0221,normal,night
0123,TRAIN_0222,normal,day
0124,TRAIN_0225,snowy,day
0125,TRAIN_0225,snowy,day
0126,TRAIN_0227,normal,day
0127,TRAIN_0232,snowy,day
0128,TRAIN_0232,snowy,day
0129,TRAIN_0234,normal,day
0130,TRAIN_0238,normal,night
0131,TRAIN_0238,normal,night
0132,TRAIN_0241,normal,day
0133,TRAIN_0242,normal,day
0134,TRAIN_0246,snowy,day
0135,TRAIN_0246,snowy,day
0136,TRAIN_0247,snowy,day
0137,TRAIN_0247,snowy,day
0138,TRAIN_0248,snowy,night
0139,TRAIN_0248,snowy,night
0140,TRAIN_0248,snowy,night
0141,TRAIN_0248,snowy,night
0142,TRAIN_0248,snowy,night
0143,TRAIN_0248,snowy,night
0144,TRAIN_0248,snowy,night
0145,TRAIN_0248,snowy,night
0146,TRAIN_0248,snowy,night
0147,TRAIN_0248,snowy,night
0148,TRAIN_0253,normal,day
0149,TRAIN_0258,normal,day
0150,TRAIN_0263,normal,day
0151,TRAIN_0267,normal,day
0152,TRAIN_0268,snowy,day
0153,TRAIN_0268,snowy,day
0154,TRAIN_0272,rainy,day
0155,TRAIN_0272,rainy,day
0156,TRAIN_0272,rainy,day
0157,TRAIN_0276,normal,day
0158,TRAIN_0280,normal,day
0159,TRAIN_0282,normal,day
0160,TRAIN_0283,normal,day
0161,TRAIN_0284,normal,day
0162,TRAIN_0285,normal,day
0163,TRAIN_0287,normal,day
0164,TRAIN_0289,rainy,day
0165,TRAIN_0289,rainy,day
0166,TRAIN_0289,rainy,day
0167,TRAIN_0292,normal,day
0168,TRAIN_0294,normal,day
0169,TRAIN_0295,snowy,day
0170,TRAIN_0295,snowy,day
0171,TRAIN_0296,normal,day
0172,TRAIN_0297,normal,day
0173,TRAIN_0300,normal,day
0174,TRAIN_0306,normal,day
0175,TRAIN_0307,normal,day
0176,TRAIN_0310,normal,day
0177,TRAIN_0311,normal,day
0178,TRAIN_0313,normal,day
0179,TRAIN_0314,snowy,day
0180,TRAIN_0314,snowy,day
0181,TRAIN_0316,normal,day
0182,TRAIN_0318,rainy,day
0183,TRAIN_0318,rainy,day
0184,TRAIN_0318,rainy,day
0185,TRAIN_0321,normal,day
0186,TRAIN_0323,normal,day
0187,TRAIN_0325,normal,day
0188,TRAIN_0327,normal,day
0189,TRAIN_0332,normal,day
0190,TRAIN_0337,normal,day
0191,TRAIN_0338,rainy,day
0192,TRAIN_0338,rainy,day
0193,TRAIN_0338,rainy,day
0194,TRAIN_0341,normal,day
0195,TRAIN_0342,snowy,day
0196,TRAIN_0342,snowy,day
0197,TRAIN_0343,rainy,day
0198,TRAIN_0343,rainy,day
0199,TRAIN_0343,rainy,day
0200,TRAIN_0346,normal,day
0201,TRAIN_0347,rainy,day
0202,TRAIN_0347,rainy,day
0203,TRAIN_0347,rainy,day
0204,TRAIN_0349,normal,day
0205,TRAIN_0352,normal,night
0206,TRAIN_0352,normal,night
0207,TRAIN_0357,normal,day
0208,TRAIN_0366,normal,day
0209,TRAIN_0372,normal,night
0210,TRAIN_0372,normal,night
0211,TRAIN_0373,rainy,day
0212,TRAIN_0373,rainy,day
0213,TRAIN_0373,rainy,day
0214,TRAIN_0374,normal,day
0215,TRAIN_0375,normal,night
0216,TRAIN_0375,normal,night
0217,TRAIN_0377,normal,day
0218,TRAIN_0380,normal,day
0219,TRAIN_0384,normal,night
0220,TRAIN_0384,normal,night
0221,TRAIN_0385,normal,day
0222,TRAIN_0394,normal,day
0223,TRAIN_0396,normal,day
0224,TRAIN_0399,normal,day
0225,TRAIN_0400,normal,day
0226,TRAIN_0401,normal,day
0227,TRAIN_0402,normal,day
0228,TRAIN_0403,normal,day
0229,TRAIN_0404,normal,day
0230,TRAIN_0409,normal,day
0231,TRAIN_0411,rainy,day
0232,TRAIN_0411,rainy,day
0233,TRAIN_0411,rainy,day
0234,TRAIN_0415,rainy,day
0235,TRAIN_0415,rainy,day
0236,TRAIN_0415,rainy,day
0237,TRAIN_0419,normal,day
0238,TRAIN_0425,normal,day
0239,TRAIN_0433,normal,day
0240,TRAIN_0441,rainy,day
0241,TRAIN_0441,rainy,day
0242,TRAIN_0441,rainy,day
0243,TRAIN_0456,normal,day
0244,TRAIN_0457,normal,day
0245,TRAIN_0461,normal,day
0246,TRAIN_0465,normal,day
0247,TRAIN_0474,normal,day
0248,TRAIN_0480,normal,day
0249,TRAIN_0482,snowy,day
0250,TRAIN_0482,snowy,day
0251,TRAIN_0487,normal,day
0252,TRAIN_0488,normal,day
0253,TRAIN_0492,normal,day
0254,TRAIN_0494,normal,day
0255,TRAIN_0495,normal,day
0256,TRAIN_0497,normal,day
0257,TRAIN_0500,snowy,day
0258,TRAIN_0500,snowy,day
0259,TRAIN_0501,normal,day
0260,TRAIN_0505,normal,day
0261,TRAIN_0507,normal,night
0262,TRAIN_0507,normal,night
0263,TRAIN_0517,normal,day
0264,TRAIN_0518,snowy,day
0265,TRAIN_0518,snowy,day
0266,TRAIN_0519,snowy,day
0267,TRAIN_0519,snowy,day
0268,TRAIN_0520,normal,day
0269,TRAIN_0521,normal,day
0270,TRAIN_0526,normal,day
0271,TRAIN_0528,normal,day
0272,TRAIN_0537,normal,day
0273,TRAIN_0545,normal,day
0274,TRAIN_0551,normal,day
0275,TRAIN_0553,normal,day
0276,TRAIN_0554,normal,day
0277,TRAIN_0556,rainy,day
0278,TRAIN_0556,rainy,day
0279,TRAIN_0556,rainy,day
0280,TRAIN_0558,normal,day
0281,TRAIN_0559,snowy,day
0282,TRAIN_0559,snowy,day
0283,TRAIN_0563,normal,day
0284,TRAIN_0569,normal,day
0285,TRAIN_0571,normal,day
0286,TRAIN_0572,normal,day
0287,TRAIN_0576,normal,night
0288,TRAIN_0576,normal,night
0289,TRAIN_0577,normal,night
0290,TRAIN_0577,normal,night
0291,TRAIN_0578,normal,day
0292,TRAIN_0587,normal,day
0293,TRAIN_0588,normal,night
0294,TRAIN_0588,normal,night
0295,TRAIN_0590,snowy,day
0296,TRAIN_0590,snowy,day
0297,TRAIN_0594,normal,day
0298,TRAIN_0596,normal,day
0299,TRAIN_0597,normal,day
0300,TRAIN_0599,normal,day
0301,TRAIN_0602,normal,day
0302,TRAIN_0606,snowy,night
0303,TRAIN_0606,snowy,night
0304,TRAIN_0606,snowy,night
0305,TRAIN_0606,snowy,night
0306,TRAIN_0606,snowy,night
0307,TRAIN_0606,snowy,night
0308,TRAIN_0606,snowy,night
0309,TRAIN_0606,snowy,night
0310,TRAIN_0606,snowy,night
0311,TRAIN_0606,snowy,night
0312,TRAIN_0617,normal,night
0313,TRAIN_0617,normal,night
0314,TRAIN_0620,normal,day
0315,TRAIN_0621,normal,day
0316,TRAIN_0623,normal,day
0317,TRAIN_0624,normal,day
0318,TRAIN_0625,snowy,night
0319,TRAIN_0625,snowy,night
0320,TRAIN_0625,snowy,night
0321,TRAIN_0625,snowy,night
0322,TRAIN_0625,snowy,night
0323,TRAIN_0625,snowy,night
0324,TRAIN_0625,snowy,night
0325,TRAIN_0625,snowy,night
0326,TRAIN_0625,snowy,night
0327,TRAIN_0625,snowy,night
0328,TRAIN_0628,normal,day
0329,TRAIN_0630,normal,night
0330,TRAIN_0630,normal,night
0331,TRAIN_0631,normal,day
0332,TRAIN_0632,snowy,day
0333,TRAIN_0632,snowy,day
0334,TRAIN_0636,normal,day
0335,TRAIN_0639,snowy,day
0336,TRAIN_0639,snowy,day
0337,TRAIN_0644,normal,day
0338,TRAIN_0645,normal,day
0339,TRAIN_0648,normal,day
0340,TRAIN_0652,normal,day
0341,TRAIN_0653,normal,day
0342,TRAIN_0657,rainy,day
0343,TRAIN_0657,rainy,day
0344,TRAIN_0657,rainy,day
0345,TRAIN_0662,normal,day
0346,TRAIN_0665,normal,day
0347,TRAIN_0667,normal,day
0348,TRAIN_0668,normal,day
0349,TRAIN_0674,snowy,day
0350,TRAIN_0674,snowy,day
0351,TRAIN_0680,normal,day
0352,TRAIN_0682,rainy,day
0353,TRAIN_0682,rainy,day
0354,TRAIN_0682,rainy,day
0355,TRAIN_0684,normal,night
0356,TRAIN_0684,normal,night
0357,TRAIN_0685,rainy,night
0358,TRAIN_0685,rainy,night
0359,TRAIN_0685,rainy,night
0360,TRAIN_0685,rainy,night
0361,TRAIN_0685,rainy,night
0362,TRAIN_0685,rainy,night
0363,TRAIN_0685,rainy,night
0364,TRAIN_0685,rainy,night
0365,TRAIN_0685,rainy,night
0366,TRAIN_0685,rainy,night
0367,TRAIN_0685,rainy,night
0368,TRAIN_0685,rainy,night
0369,TRAIN_0685,rainy,night
0370,TRAIN_0685,rainy,night
0371,TRAIN_0685,rainy,night
0372,TRAIN_0690,normal,day
0373,TRAIN_0691,normal,day
0374,TRAIN_0693,normal,night
0375,TRAIN_0693,normal,night
0376,TRAIN_0699,rainy,day
0377,TRAIN_0699,rainy,day
0378,TRAIN_0699,rainy,day
0379,TRAIN_0700,normal,day
0380,TRAIN_0704,normal,day
0381,TRAIN_0705,normal,day
0382,TRAIN_0706,normal,day
0383,TRAIN_0713,snowy,day
0384,TRAIN_0713,snowy,day
0385,TRAIN_0716,normal,day
0386,TRAIN_0718,normal,night
0387,TRAIN_0718,normal,night
0388,TRAIN_0720,normal,day
0389,TRAIN_0725,rainy,day
0390,TRAIN_0725,rainy,day
0391,TRAIN_0725,rainy,day
0392,TRAIN_0728,normal,day
0393,TRAIN_0740,normal,day
0394,TRAIN_0743,normal,day
0395,TRAIN_0747,normal,day
0396,TRAIN_0748,normal,day
0397,TRAIN_0749,normal,day
0398,TRAIN_0750,normal,night
0399,TRAIN_0750,normal,night
0400,TRAIN_0752,normal,day
0401,TRAIN_0760,snowy,day
0402,TRAIN_0760,snowy,day
0403,TRAIN_0761,rainy,day
0404,TRAIN_0761,rainy,day
0405,TRAIN_0761,rainy,day
0406,TRAIN_0762,normal,day
0407,TRAIN_0767,normal,day
0408,TRAIN_0769,normal,day
0409,TRAIN_0770,snowy,day
0410,TRAIN_0770,snowy,day
0411,TRAIN_0771,normal,day
0412,TRAIN_0774,normal,day
0413,TRAIN_0778,normal,day
0414,TRAIN_0780,normal,day
0415,TRAIN_0781,normal,day
0416,TRAIN_0783,rainy,day
0417,TRAIN_0783,rainy,day
0418,TRAIN_0783,rainy,day
0419,TRAIN_0786,normal,day
0420,TRAIN_0789,normal,night
0421,TRAIN_0789,normal,night
0422,TRAIN_0790,snowy,day
0423,TRAIN_0790,snowy,day
0424,TRAIN_0791,normal,day
0425,TRAIN_0792,normal,day
0426,TRAIN_0793,normal,day
0427,TRAIN_0795,normal,day
0428,TRAIN_0799,normal,day
0429,TRAIN_0800,normal,day
0430,TRAIN_0802,normal,day
0431,TRAIN_0803,snowy,day
0432,TRAIN_0803,snowy,day
0433,TRAIN_0804,normal,day
0434,TRAIN_0805,normal,night
0435,TRAIN_0805,normal,night
0436,TRAIN_0807,normal,day
0437,TRAIN_0809,rainy,day
0438,TRAIN_0809,rainy,day
0439,TRAIN_0809,rainy,day
0440,TRAIN_0815,rainy,day
0441,TRAIN_0815,rainy,day
0442,TRAIN_0815,rainy,day
0443,TRAIN_0817,normal,day
0444,TRAIN_0820,normal,day
0445,TRAIN_0831,normal,day
0446,TRAIN_0832,normal,day
0447,TRAIN_0838,normal,day
0448,TRAIN_0846,rainy,day
0449,TRAIN_0846,rainy,day
0450,TRAIN_0846,rainy,day
0451,TRAIN_0848,normal,day
0452,TRAIN_0850,snowy,day
0453,TRAIN_0850,snowy,day
0454,TRAIN_0856,normal,night
0455,TRAIN_0856,normal,night
0456,TRAIN_0858,normal,day
0457,TRAIN_0861,normal,day
0458,TRAIN_0862,snowy,day
0459,TRAIN_0862,snowy,day
0460,TRAIN_0863,snowy,day
0461,TRAIN_0863,snowy,day
0462,TRAIN_0866,normal,day
0463,TRAIN_0872,rainy,day
0464,TRAIN_0872,rainy,day
0465,TRAIN_0872,rainy,day
0466,TRAIN_0873,normal,night
0467,TRAIN_0873,normal,night
0468,TRAIN_0875,normal,day
0469,TRAIN_0877,normal,night
0470,TRAIN_0877,normal,night
0471,TRAIN_0878,normal,day
0472,TRAIN_0885,normal,day
0473,TRAIN_0889,normal,day
0474,TRAIN_0890,normal,day
0475,TRAIN_0892,normal,day
0476,TRAIN_0896,normal,day
0477,TRAIN_0897,normal,day
0478,TRAIN_0899,normal,day
0479,TRAIN_0901,normal,day
0480,TRAIN_0902,normal,day
0481,TRAIN_0903,rainy,day
0482,TRAIN_0903,rainy,day
0483,TRAIN_0903,rainy,day
0484,TRAIN_0906,rainy,day
0485,TRAIN_0906,rainy,day
0486,TRAIN_0906,rainy,day
0487,TRAIN_0917,normal,day
0488,TRAIN_0920,normal,day
0489,TRAIN_0926,snowy,day
0490,TRAIN_0926,snowy,day
0491,TRAIN_0929,normal,day
0492,TRAIN_0931,normal,day
0493,TRAIN_0933,normal,day
0494,TRAIN_0936,snowy,day
0495,TRAIN_0936,snowy,day
0496,TRAIN_0941,normal,day
0497,TRAIN_0943,normal,day
0498,TRAIN_0946,normal,day
0499,TRAIN_0948,normal,day
0500,TRAIN_0957,normal,day
0501,TRAIN_0959,normal,day
0502,TRAIN_0964,normal,day
0503,TRAIN_0969,rainy,day
0504,TRAIN_0969,rainy,day
0505,TRAIN_0969,rainy,day
0506,TRAIN_0970,normal,day
0507,TRAIN_0973,normal,day
0508,TRAIN_0975,normal,day
0509,TRAIN_0978,normal,night
0510,TRAIN_0978,normal,night
0511,TRAIN_0979,normal,night
0512,TRAIN_0979,normal,night
0513,TRAIN_0991,rainy,day
0514,TRAIN_0991,rainy,day
0515,TRAIN_0991,rainy,day
0516,TRAIN_0994,rainy,day
0517,TRAIN_0994,rainy,day
0518,TRAIN_0994,rainy,day
0519,TRAIN_0995,normal,day
0520,TRAIN_0996,normal,day
0521,TRAIN_0999,normal,day
0522,TRAIN_1000,normal,day
0523,TRAIN_1001,snowy,day
0524,TRAIN_1001,snowy,day
0525,TRAIN_1003,normal,day
0526,TRAIN_1004,normal,day
0527,TRAIN_1006,normal,day
0528,TRAIN_1007,normal,day
0529,TRAIN_1009,snowy,day
0530,TRAIN_1009,snowy,day
0531,TRAIN_1014,normal,day
0532,TRAIN_1015,normal,night
0533,TRAIN_1015,normal,night
0534,TRAIN_1016,normal,day
0535,TRAIN_1017,normal,day
0536,TRAIN_1018,normal,day
0537,TRAIN_1023,normal,night
0538,TRAIN_1023,normal,night
0539,TRAIN_1027,rainy,night
0540,TRAIN_1027,rainy,night
0541,TRAIN_1027,rainy,night
0542,TRAIN_1027,rainy,night
0543,TRAIN_1027,rainy,night
0544,TRAIN_1027,rainy,night
0545,TRAIN_1027,rainy,night
0546,TRAIN_1027,rainy,night
0547,TRAIN_1027,rainy,night
0548,TRAIN_1027,rainy,night
0549,TRAIN_1027,rainy,night
0550,TRAIN_1027,rainy,night
0551,TRAIN_1027,rainy,night
0552,TRAIN_1027,rainy,night
0553,TRAIN_1027,rainy,night
0554,TRAIN_1034,normal,day
0555,TRAIN_1041,normal,day
0556,TRAIN_1047,normal,day
0557,TRAIN_1049,normal,day
0558,TRAIN_1050,snowy,day
0559,TRAIN_1050,snowy,day
0560,TRAIN_1052,normal,day
0561,TRAIN_1060,normal,night
0562,TRAIN_1060,normal,night
0563,TRAIN_1061,normal,night
0564,TRAIN_1061,normal,night
0565,TRAIN_1067,normal,day
0566,TRAIN_1068,normal,day
0567,TRAIN_1070,normal,day
0568,TRAIN_1076,normal,day
0569,TRAIN_1081,normal,night
0570,TRAIN_1081,normal,night
0571,TRAIN_1082,normal,day
0572,TRAIN_1086,normal,day
0573,TRAIN_1095,normal,day
0574,TRAIN_1098,normal,day
0575,TRAIN_1100,snowy,day
0576,TRAIN_1100,snowy,day
0577,TRAIN_1101,snowy,day
0578,TRAIN_1101,snowy,day
0579,TRAIN_1102,normal,day
0580,TRAIN_1103,normal,day
0581,TRAIN_1115,normal,day
0582,TRAIN_1116,normal,day
0583,TRAIN_1118,normal,day
0584,TRAIN_1120,normal,day
0585,TRAIN_1126,normal,day
0586,TRAIN_1127,normal,day
0587,TRAIN_1133,rainy,day
0588,TRAIN_1133,rainy,day
0589,TRAIN_1133,rainy,day
0590,TRAIN_1136,normal,day
0591,TRAIN_1141,normal,day
0592,TRAIN_1147,snowy,day
0593,TRAIN_1147,snowy,day
0594,TRAIN_1148,normal,day
0595,TRAIN_1151,normal,day
0596,TRAIN_1152,normal,day
0597,TRAIN_1153,normal,day
0598,TRAIN_1156,snowy,day
0599,TRAIN_1156,snowy,day
0600,TRAIN_1159,normal,day
0601,TRAIN_1160,normal,day
0602,TRAIN_1161,normal,day
0603,TRAIN_1162,normal,day
0604,TRAIN_1163,normal,day
0605,TRAIN_1164,normal,day
0606,TRAIN_1166,normal,night
0607,TRAIN_1166,normal,night
0608,TRAIN_1167,normal,day
0609,TRAIN_1168,normal,day
0610,TRAIN_1169,normal,day
0611,TRAIN_1172,normal,day
0612,TRAIN_1173,rainy,day
0613,TRAIN_1173,rainy,day
0614,TRAIN_1173,rainy,day
0615,TRAIN_1175,normal,day
0616,TRAIN_1177,snowy,day
0617,TRAIN_1177,snowy,day
0618,TRAIN_1178,normal,day
0619,TRAIN_1179,normal,night
0620,TRAIN_1179,normal,night
0621,TRAIN_1180,normal,day
0622,TRAIN_1182,normal,day
0623,TRAIN_1191,snowy,day
0624,TRAIN_1191,snowy,day
0625,TRAIN_1192,normal,day
0626,TRAIN_1193,normal,day
0627,TRAIN_1197,normal,day
0628,TRAIN_1198,normal,day
0629,TRAIN_1199,normal,day
0630,TRAIN_1201,normal,night
0631,TRAIN_1201,normal,night
0632,TRAIN_1202,rainy,day
0633,TRAIN_1202,rainy,day
0634,TRAIN_1202,rainy,day
0635,TRAIN_1203,normal,day
0636,TRAIN_1204,normal,day
0637,TRAIN_1208,normal,day
0638,TRAIN_1209,snowy,day
0639,TRAIN_1209,snowy,day
0640,TRAIN_1213,normal,day
0641,TRAIN_1221,normal,day
0642,TRAIN_1223,normal,day
0643,TRAIN_1224,normal,day
0644,TRAIN_1227,normal,day
0645,TRAIN_1228,normal,day
0646,TRAIN_1232,normal,day
0647,TRAIN_1239,normal,day
0648,TRAIN_1244,snowy,day
0649,TRAIN_1244,snowy,day
0650,TRAIN_1251,normal,day
0651,TRAIN_1253,normal,day
0652,TRAIN_1255,normal,day
0653,TRAIN_1257,normal,day
0654,TRAIN_1263,normal,night
0655,TRAIN_1263,normal,night
0656,TRAIN_1265,normal,day
0657,TRAIN_1266,normal,day
0658,TRAIN_1267,snowy,day
0659,TRAIN_1267,snowy,day
0660,TRAIN_1270,normal,day
0661,TRAIN_1271,normal,day
0662,TRAIN_1274,normal,day
0663,TRAIN_1280,normal,day
0664,TRAIN_1281,normal,day
0665,TRAIN_1287,normal,day
0666,TRAIN_1288,normal,day
0667,TRAIN_1291,rainy,day
0668,TRAIN_1291,rainy,day
0669,TRAIN_1291,rainy,day
0670,TRAIN_1292,normal,day
0671,TRAIN_1297,normal,day
0672,TRAIN_1301,normal,day
0673,TRAIN_1308,normal,day
0674,TRAIN_1309,normal,day
0675,TRAIN_1311,snowy,day
0676,TRAIN_1311,snowy,day
0677,TRAIN_1312,snowy,day
0678,TRAIN_1312,snowy,day
0679,TRAIN_1320,normal,day
0680,TRAIN_1327,normal,day
0681,TRAIN_1328,normal,day
0682,TRAIN_1329,normal,day
0683,TRAIN_1332,normal,day
0684,TRAIN_1333,normal,day
0685,TRAIN_1334,normal,night
0686,TRAIN_1334,normal,night
0687,TRAIN_1335,normal,day
0688,TRAIN_1337,normal,day
0689,TRAIN_1338,normal,day
0690,TRAIN_1340,normal,day
0691,TRAIN_1343,snowy,night
0692,TRAIN_1343,snowy,night
0693,TRAIN_1343,snowy,night
0694,TRAIN_1343,snowy,night
0695,TRAIN_1343,snowy,night
0696,TRAIN_1343,snowy,night
0697,TRAIN_1343,snowy,night
0698,TRAIN_1343,snowy,night
0699,TRAIN_1343,snowy,night
0700,TRAIN_1343,snowy,night
0701,TRAIN_1354,normal,day
0702,TRAIN_1356,normal,day
0703,TRAIN_1358,normal,day
0704,TRAIN_1369,normal,day
0705,TRAIN_1371,normal,day
0706,TRAIN_1373,normal,day
0707,TRAIN_1374,normal,day
0708,TRAIN_1375,snowy,day
0709,TRAIN_1375,snowy,day
0710,TRAIN_1380,normal,night
0711,TRAIN_1380,normal,night
0712,TRAIN_1381,snowy,day
0713,TRAIN_1381,snowy,day
0714,TRAIN_1384,normal,day
0715,TRAIN_1386,snowy,day
0716,TRAIN_1386,snowy,day
0717,TRAIN_1387,normal,day
0718,TRAIN_1388,normal,day
0719,TRAIN_1389,snowy,day
0720,TRAIN_1389,snowy,day
0721,TRAIN_1391,normal,day
0722,TRAIN_1395,normal,day
0723,TRAIN_1409,normal,day
0724,TRAIN_1414,snowy,night
0725,TRAIN_1414,snowy,night
0726,TRAIN_1414,snowy,night
0727,TRAIN_1414,snowy,night
0728,TRAIN_1414,snowy,night
0729,TRAIN_1414,snowy,night
0730,TRAIN_1414,snowy,night
0731,TRAIN_1414,snowy,night
0732,TRAIN_1414,snowy,night
0733,TRAIN_1414,snowy,night
0734,TRAIN_1415,normal,day
0735,TRAIN_1418,snowy,day
0736,TRAIN_1418,snowy,day
0737,TRAIN_1419,snowy,night
0738,TRAIN_1419,snowy,night
0739,TRAIN_1419,snowy,night
0740,TRAIN_1419,snowy,night
0741,TRAIN_1419,snowy,night
0742,TRAIN_1419,snowy,night
0743,TRAIN_1419,snowy,night
0744,TRAIN_1419,snowy,night
0745,TRAIN_1419,snowy,night
0746,TRAIN_1419,snowy,night
0747,TRAIN_1420,rainy,day
0748,TRAIN_1420,rainy,day
0749,TRAIN_1420,rainy,day
0750,TRAIN_1423,normal,day
0751,TRAIN_1424,normal,night
0752,TRAIN_1424,normal,night
0753,TRAIN_1425,snowy,day
0754,TRAIN_1425,snowy,day
0755,TRAIN_1427,normal,day
0756,TRAIN_1428,normal,day
0757,TRAIN_1430,normal,day
0758,TRAIN_1435,normal,day
0759,TRAIN_1437,normal,day
0760,TRAIN_1438,normal,day
0761,TRAIN_1439,normal,day
0762,TRAIN_1440,normal,day
0763,TRAIN_1441,normal,day
0764,TRAIN_1444,normal,day
0765,TRAIN_1445,normal,day
0766,TRAIN_1446,normal,day
0767,TRAIN_1452,normal,day
0768,TRAIN_1454,snowy,day
0769,TRAIN_1454,snowy,day
0770,TRAIN_1455,normal,day
0771,TRAIN_1461,normal,day
0772,TRAIN_1465,normal,day
0773,TRAIN_1467,normal,day
0774,TRAIN_1468,normal,day
0775,TRAIN_1479,normal,day
0776,TRAIN_1481,normal,day
0777,TRAIN_1483,normal,day
0778,TRAIN_1485,normal,day
0779,TRAIN_1486,normal,day
0780,TRAIN_1488,normal,night
0781,TRAIN_1488,normal,night
0782,TRAIN_1492,normal,night
0783,TRAIN_1492,normal,night
0784,TRAIN_1494,normal,day
0785,TRAIN_1497,normal,day
0786,TRAIN_1502,normal,day
0787,TRAIN_1505,snowy,day
0788,TRAIN_1505,snowy,day
0789,TRAIN_1506,normal,day
0790,TRAIN_1511,normal,day
0791,TRAIN_1512,normal,day
0792,TRAIN_1513,snowy,day
0793,TRAIN_1513,snowy,day
0794,TRAIN_1518,normal,day
0795,TRAIN_1525,normal,day
0796,TRAIN_1531,normal,day
0797,TRAIN_1533,normal,night
0798,TRAIN_1533,normal,night
0799,TRAIN_1535,snowy,night
0800,TRAIN_1535,snowy,night
0801,TRAIN_1535,snowy,night
0802,TRAIN_1535,snowy,night
0803,TRAIN_1535,snowy,night
0804,TRAIN_1535,snowy,night
0805,TRAIN_1535,snowy,night
0806,TRAIN_1535,snowy,night
0807,TRAIN_1535,snowy,night
0808,TRAIN_1535,snowy,night
0809,TRAIN_1540,normal,day
0810,TRAIN_1541,normal,day
0811,TRAIN_1542,normal,day
0812,TRAIN_1544,rainy,day
0813,TRAIN_1544,rainy,day
0814,TRAIN_1544,rainy,day
0815,TRAIN_1548,normal,day
0816,TRAIN_1551,normal,day
0817,TRAIN_1552,normal,day
0818,TRAIN_1553,normal,day
0819,TRAIN_1555,normal,night
0820,TRAIN_1555,normal,night
0821,TRAIN_1559,normal,day
0822,TRAIN_1560,normal,day
0823,TRAIN_1561,rainy,day
0824,TRAIN_1561,rainy,day
0825,TRAIN_1561,rainy,day
0826,TRAIN_1563,snowy,day
0827,TRAIN_1563,snowy,day
0828,TRAIN_1566,normal,day
0829,TRAIN_1572,normal,day
0830,TRAIN_1580,rainy,night
0831,TRAIN_1580,rainy,night
0832,TRAIN_1580,rainy,night
0833,TRAIN_1580,rainy,night
0834,TRAIN_1580,rainy,night
0835,TRAIN_1580,rainy,night
0836,TRAIN_1580,rainy,night
0837,TRAIN_1580,rainy,night
0838,TRAIN_1580,rainy,night
0839,TRAIN_1580,rainy,night
0840,TRAIN_1580,rainy,night
0841,TRAIN_1580,rainy,night
0842,TRAIN_1580,rainy,night
0843,TRAIN_1580,rainy,night
0844,TRAIN_1580,rainy,night
0845,TRAIN_1581,normal,day
0846,TRAIN_1586,normal,night
0847,TRAIN_1586,normal,night
0848,TRAIN_1590,normal,day
0849,TRAIN_1596,rainy,night
0850,TRAIN_1596,rainy,night
0851,TRAIN_1596,rainy,night
0852,TRAIN_1596,rainy,night
0853,TRAIN_1596,rainy,night
0854,TRAIN_1596,rainy,night
0855,TRAIN_1596,rainy,night
0856,TRAIN_1596,rainy,night
0857,TRAIN_1596,rainy,night
0858,TRAIN_1596,rainy,night
0859,TRAIN_1596,rainy,night
0860,TRAIN_1596,rainy,night
0861,TRAIN_1596,rainy,night
0862,TRAIN_1596,rainy,night
0863,TRAIN_1596,rainy,night
0864,TRAIN_1598,normal,day
0865,TRAIN_1605,normal,day
0866,TRAIN_1606,normal,day
0867,TRAIN_1607,normal,day
0868,TRAIN_1608,rainy,day
0869,TRAIN_1608,rainy,day
0870,TRAIN_1608,rainy,day
0871,TRAIN_1609,normal,day
0872,TRAIN_1613,snowy,day
0873,TRAIN_1613,snowy,day
0874,TRAIN_1617,normal,day
0875,TRAIN_1619,normal,day
0876,TRAIN_1620,normal,day
0877,TRAIN_1626,snowy,day
0878,TRAIN_1626,snowy,day
0879,TRAIN_1633,normal,day
0880,TRAIN_1636,normal,day
0881,TRAIN_1637,normal,day
0882,TRAIN_1641,snowy,day
0883,TRAIN_1641,snowy,day
0884,TRAIN_1642,normal,night
0885,TRAIN_1642,normal,night
0886,TRAIN_1644,normal,day
0887,TRAIN_1649,snowy,day
0888,TRAIN_1649,snowy,day
0889,TRAIN_1651,normal,day
0890,TRAIN_1652,normal,day
0891,TRAIN_1654,normal,day
0892,TRAIN_1656,normal,day
0893,TRAIN_1659,normal,night
0894,TRAIN_1659,normal,night
0895,TRAIN_1660,normal,day
0896,TRAIN_1661,normal,night
0897,TRAIN_1661,normal,night
0898,TRAIN_1663,rainy,day
0899,TRAIN_1663,rainy,day
0900,TRAIN_1663,rainy,day
0901,TRAIN_1668,normal,day
0902,TRAIN_1672,normal,day
0903,TRAIN_1674,normal,day
0904,TRAIN_1676,normal,day
0905,TRAIN_1677,rainy,day
0906,TRAIN_1677,rainy,day
0907,TRAIN_1677,rainy,day
0908,TRAIN_1681,normal,day
0909,TRAIN_1693,normal,day
0910,TRAIN_1694,snowy,day
0911,TRAIN_1694,snowy,day
0912,TRAIN_1695,rainy,day
0913,TRAIN_1695,rainy,day
0914,TRAIN_1695,rainy,day
0915,TRAIN_1696,normal,day
0916,TRAIN_1698,normal,day
0917,TRAIN_1699,normal,day
0918,TRAIN_1703,normal,day
0919,TRAIN_1705,normal,day
0920,TRAIN_1709,snowy,day
0921,TRAIN_1709,snowy,day
0922,TRAIN_1711,normal,day
0923,TRAIN_1713,rainy,day
0924,TRAIN_1713,rainy,day
0925,TRAIN_1713,rainy,day
0926,TRAIN_1716,normal,day
0927,TRAIN_1718,normal,day
0928,TRAIN_1720,snowy,day
0929,TRAIN_1720,snowy,day
0930,TRAIN_1723,normal,day
0931,TRAIN_1725,normal,day
0932,TRAIN_1727,normal,day
0933,TRAIN_1728,normal,day
0934,TRAIN_1731,normal,day
0935,TRAIN_1746,normal,day
0936,TRAIN_1753,normal,day
0937,TRAIN_1754,snowy,day
0938,TRAIN_1754,snowy,day
0939,TRAIN_1755,normal,day
0940,TRAIN_1756,normal,day
0941,TRAIN_1758,snowy,night
0942,TRAIN_1758,snowy,night
0943,TRAIN_1758,snowy,night
0944,TRAIN_1758,snowy,night
0945,TRAIN_1758,snowy,night
0946,TRAIN_1758,snowy,night
0947,TRAIN_1758,snowy,night
0948,TRAIN_1758,snowy,night
0949,TRAIN_1758,snowy,night
0950,TRAIN_1758,snowy,night
0951,TRAIN_1770,normal,day
0952,TRAIN_1771,normal,day
0953,TRAIN_1773,normal,day
0954,TRAIN_1775,normal,day
0955,TRAIN_1778,snowy,day
0956,TRAIN_1778,snowy,day
0957,TRAIN_1783,normal,day
0958,TRAIN_1784,snowy,day
0959,TRAIN_1784,snowy,day
0960,TRAIN_1786,normal,day
0961,TRAIN_1789,normal,day
0962,TRAIN_1793,normal,day
0963,TRAIN_1794,normal,day
0964,TRAIN_1795,normal,day
0965,TRAIN_1796,normal,day
0966,TRAIN_1801,normal,day
0967,TRAIN_1803,normal,day
0968,TRAIN_1806,normal,day
0969,TRAIN_1807,normal,day
0970,TRAIN_1808,snowy,day
0971,TRAIN_1808,snowy,day
0972,TRAIN_1812,snowy,day
0973,TRAIN_1812,snowy,day
0974,TRAIN_1815,rainy,day
0975,TRAIN_1815,rainy,day
0976,TRAIN_1815,rainy,day
0977,TRAIN_1819,normal,day
0978,TRAIN_1820,normal,day
0979,TRAIN_1824,rainy,day
0980,TRAIN_1824,rainy,day
0981,TRAIN_1824,rainy,day
0982,TRAIN_1825,normal,day
0983,TRAIN_1828,normal,day
0984,TRAIN_1830,normal,day
0985,TRAIN_1833,snowy,day
0986,TRAIN_1833,snowy,day
0987,TRAIN_1835,normal,day
0988,TRAIN_1838,normal,day
0989,TRAIN_1839,normal,day
0990,TRAIN_1847,normal,day
0991,TRAIN_1848,normal,day
0992,TRAIN_1849,normal,day
0993,TRAIN_1851,normal,day
0994,TRAIN_1856,normal,day
0995,TRAIN_1861,normal,day
0996,TRAIN_1862,normal,day
0997,TRAIN_1863,snowy,day
0998,TRAIN_1863,snowy,day
0999,TRAIN_1864,normal,night
1000,TRAIN_1864,normal,night
1001,TRAIN_1872,normal,day
1002,TRAIN_1873,normal,night
1003,TRAIN_1873,normal,night
1004,TRAIN_1874,normal,night
1005,TRAIN_1874,normal,night
1006,TRAIN_1883,normal,day
1007,TRAIN_1884,rainy,day
1008,TRAIN_1884,rainy,day
1009,TRAIN_1884,rainy,day
1010,TRAIN_1886,normal,day
1011,TRAIN_1894,snowy,day
1012,TRAIN_1894,snowy,day
1013,TRAIN_1895,normal,day
1014,TRAIN_1896,normal,day
1015,TRAIN_1898,normal,day
1016,TRAIN_1899,normal,day
1017,TRAIN_1900,normal,day
1018,TRAIN_1904,normal,night
1019,TRAIN_1904,normal,night
1020,TRAIN_1906,normal,day
1021,TRAIN_1909,normal,day
1022,TRAIN_1912,normal,day
1023,TRAIN_1917,normal,night
1024,TRAIN_1917,normal,night
1025,TRAIN_1922,snowy,night
1026,TRAIN_1922,snowy,night
1027,TRAIN_1922,snowy,night
1028,TRAIN_1922,snowy,night
1029,TRAIN_1922,snowy,night
1030,TRAIN_1922,snowy,night
1031,TRAIN_1922,snowy,night
1032,TRAIN_1922,snowy,night
1033,TRAIN_1922,snowy,night
1034,TRAIN_1922,snowy,night
1035,TRAIN_1923,normal,day
1036,TRAIN_1930,normal,day
1037,TRAIN_1931,normal,day
1038,TRAIN_1932,normal,day
1039,TRAIN_1935,normal,day
1040,TRAIN_1936,normal,day
1041,TRAIN_1938,snowy,day
1042,TRAIN_1938,snowy,day
1043,TRAIN_1939,normal,day
1044,TRAIN_1940,normal,night
1045,TRAIN_1940,normal,night
1046,TRAIN_1941,normal,day
1047,TRAIN_1944,normal,day
1048,TRAIN_1945,normal,day
1049,TRAIN_1949,normal,day
1050,TRAIN_1952,normal,day
1051,TRAIN_1953,snowy,day
1052,TRAIN_1953,snowy,day
1053,TRAIN_1955,normal,day
1054,TRAIN_1964,normal,day
1055,TRAIN_1967,normal,night
1056,TRAIN_1967,normal,night
1057,TRAIN_1968,normal,day
1058,TRAIN_1969,normal,day
1059,TRAIN_1970,normal,day
1060,TRAIN_1972,normal,day
1061,TRAIN_1974,normal,day
1062,TRAIN_1975,normal,night
1063,TRAIN_1975,normal,night
1064,TRAIN_1976,rainy,day
1065,TRAIN_1976,rainy,day
1066,TRAIN_1976,rainy,day
1067,TRAIN_1987,snowy,day
1068,TRAIN_1987,snowy,day
1069,TRAIN_1991,normal,day
1070,TRAIN_1994,normal,day
1071,TRAIN_1996,snowy,day
1072,TRAIN_1996,snowy,day
1073,TRAIN_2009,snowy,day
1074,TRAIN_2009,snowy,day
1075,TRAIN_2011,snowy,day
1076,TRAIN_2011,snowy,day
1077,TRAIN_2013,normal,night
1078,TRAIN_2013,normal,night
1079,TRAIN_2017,normal,day
1080,TRAIN_2024,snowy,day
1081,TRAIN_2024,snowy,day
1082,TRAIN_2025,normal,day
1083,TRAIN_2028,normal,night
1084,TRAIN_2028,normal,night
1085,TRAIN_2033,normal,night
1086,TRAIN_2033,normal,night
1087,TRAIN_2040,normal,day
1088,TRAIN_2041,normal,day
1089,TRAIN_2042,normal,day
1090,TRAIN_2043,normal,day
1091,TRAIN_2046,normal,day
1092,TRAIN_2051,normal,day
1093,TRAIN_2055,normal,night
1094,TRAIN_2055,normal,night
1095,TRAIN_2058,snowy,day
1096,TRAIN_2058,snowy,day
1097,TRAIN_2059,normal,day
1098,TRAIN_2063,normal,day
1099,TRAIN_2072,snowy,day
1100,TRAIN_2072,snowy,day
1101,TRAIN_2073,normal,day
1102,TRAIN_2074,normal,day
1103,TRAIN_2076,normal,day
1104,TRAIN_2078,snowy,day
1105,TRAIN_2078,snowy,day
1106,TRAIN_2082,normal,day
1107,TRAIN_2094,rainy,day
1108,TRAIN_2094,rainy,day
1109,TRAIN_2094,rainy,day
1110,TRAIN_2096,normal,day
1111,TRAIN_2104,normal,night
1112,TRAIN_2104,normal,night
1113,TRAIN_2108,snowy,day
1114,TRAIN_2108,snowy,day
1115,TRAIN_2112,normal,day
1116,TRAIN_2114,normal,day
1117,TRAIN_2121,normal,day
1118,TRAIN_2122,normal,night
1119,TRAIN_2122,normal,night
1120,TRAIN_2125,normal,day
1121,TRAIN_2128,rainy,night
1122,TRAIN_2128,rainy,night
1123,TRAIN_2128,rainy,night
1124,TRAIN_2128,rainy,night
1125,TRAIN_2128,rainy,night
1126,TRAIN_2128,rainy,night
1127,TRAIN_2128,rainy,night
1128,TRAIN_2128,rainy,night
1129,TRAIN_2128,rainy,night
1130,TRAIN_2128,rainy,night
1131,TRAIN_2128,rainy,night
1132,TRAIN_2128,rainy,night
1133,TRAIN_2128,rainy,night
1134,TRAIN_2128,rainy,night
1135,TRAIN_2128,rainy,night
1136,TRAIN_2135,normal,day
1137,TRAIN_2137,normal,day
1138,TRAIN_2140,normal,day
1139,TRAIN_2141,normal,day
1140,TRAIN_2143,snowy,day
1141,TRAIN_2143,snowy,day
1142,TRAIN_2144,normal,day
1143,TRAIN_2147,snowy,day
1144,TRAIN_2147,snowy,day
1145,TRAIN_2148,normal,day
1146,TRAIN_2155,normal,day
1147,TRAIN_2158,normal,day
1148,TRAIN_2159,normal,day
1149,TRAIN_2160,normal,day
1150,TRAIN_2162,normal,day
1151,TRAIN_2163,normal,day
1152,TRAIN_2165,snowy,day
1153,TRAIN_2165,snowy,day
1154,TRAIN_2166,snowy,day
1155,TRAIN_2166,snowy,day
1156,TRAIN_2167,snowy,day
1157,TRAIN_2167,snowy,day
1158,TRAIN_2171,normal,day
1159,TRAIN_2175,normal,day
1160,TRAIN_2178,snowy,day
1161,TRAIN_2178,snowy,day
1162,TRAIN_2180,normal,night
1163,TRAIN_2180,normal,night
1164,TRAIN_2186,normal,day
1165,TRAIN_2187,rainy,night
1166,TRAIN_2187,rainy,night
1167,TRAIN_2187,rainy,night
1168,TRAIN_2187,rainy,night
1169,TRAIN_2187,rainy,night
1170,TRAIN_2187,rainy,night
1171,TRAIN_2187,rainy,night
1172,TRAIN_2187,rainy,night
1173,TRAIN_2187,rainy,night
1174,TRAIN_2187,rainy,night
1175,TRAIN_2187,rainy,night
1176,TRAIN_2187,rainy,night
1177,TRAIN_2187,rainy,night
1178,TRAIN_2187,rainy,night
1179,TRAIN_2187,rainy,night
1180,TRAIN_2189,normal,day
1181,TRAIN_2190,normal,day
1182,TRAIN_2191,snowy,day
1183,TRAIN_2191,snowy,day
1184,TRAIN_2192,snowy,night
1185,TRAIN_2192,snowy,night
1186,TRAIN_2192,snowy,night
1187,TRAIN_2192,snowy,night
1188,TRAIN_2192,snowy,night
1189,TRAIN_2192,snowy,night
1190,TRAIN_2192,snowy,night
1191,TRAIN_2192,snowy,night
1192,TRAIN_2192,snowy,night
1193,TRAIN_2192,snowy,night
1194,TRAIN_2193,normal,night
1195,TRAIN_2193,normal,night
1196,TRAIN_2195,normal,day
1197,TRAIN_2197,normal,day
1198,TRAIN_2198,normal,night
1199,TRAIN_2198,normal,night
1200,TRAIN_2199,normal,day
1201,TRAIN_2203,snowy,day
1202,TRAIN_2203,snowy,day
1203,TRAIN_2204,normal,day
1204,TRAIN_2207,snowy,day
1205,TRAIN_2207,snowy,day
1206,TRAIN_2213,normal,day
1207,TRAIN_2218,normal,day
1208,TRAIN_2220,normal,day
1209,TRAIN_2222,normal,day
1210,TRAIN_2223,normal,day
1211,TRAIN_2224,normal,day
1212,TRAIN_2230,normal,day
1213,TRAIN_2231,snowy,night
1214,TRAIN_2231,snowy,night
1215,TRAIN_2231,snowy,night
1216,TRAIN_2231,snowy,night
1217,TRAIN_2231,snowy,night
1218,TRAIN_2231,snowy,night
1219,TRAIN_2231,snowy,night
1220,TRAIN_2231,snowy,night
1221,TRAIN_2231,snowy,night
1222,TRAIN_2231,snowy,night
1223,TRAIN_2236,normal,night
1224,TRAIN_2236,normal,night
1225,TRAIN_2239,normal,day
1226,TRAIN_2240,normal,day
1227,TRAIN_2242,normal,day
1228,TRAIN_2246,snowy,day
1229,TRAIN_2246,snowy,day
1230,TRAIN_2248,normal,day
1231,TRAIN_2249,normal,day
1232,TRAIN_2251,normal,day
1233,TRAIN_2258,normal,day
1234,TRAIN_2260,normal,day
1235,TRAIN_2263,normal,day
1236,TRAIN_2265,normal,day
1237,TRAIN_2273,rainy,day
1238,TRAIN_2273,rainy,day
1239,TRAIN_2273,rainy,day
1240,TRAIN_2275,snowy,night
1241,TRAIN_2275,snowy,night
1242,TRAIN_2275,snowy,night
1243,TRAIN_2275,snowy,night
1244,TRAIN_2275,snowy,night
1245,TRAIN_2275,snowy,night
1246,TRAIN_2275,snowy,night
1247,TRAIN_2275,snowy,night
1248,TRAIN_2275,snowy,night
1249,TRAIN_2275,snowy,night
1250,TRAIN_2281,normal,day
1251,TRAIN_2283,normal,day
1252,TRAIN_2284,normal,day
1253,TRAIN_2287,rainy,day
1254,TRAIN_2287,rainy,day
1255,TRAIN_2287,rainy,day
1256,TRAIN_2290,normal,day
1257,TRAIN_2291,snowy,day
1258,TRAIN_2291,snowy,day
1259,TRAIN_2293,snowy,night
1260,TRAIN_2293,snowy,night
1261,TRAIN_2293,snowy,night
1262,TRAIN_2293,snowy,night
1263,TRAIN_2293,snowy,night
1264,TRAIN_2293,snowy,night
1265,TRAIN_2293,snowy,night
1266,TRAIN_2293,snowy,night
1267,TRAIN_2293,snowy,night
1268,TRAIN_2293,snowy,night
1269,TRAIN_2295,snowy,day
1270,TRAIN_2295,snowy,day
1271,TRAIN_2298,normal,day
1272,TRAIN_2299,snowy,day
1273,TRAIN_2299,snowy,day
1274,TRAIN_2302,normal,day
1275,TRAIN_2304,normal,day
1276,TRAIN_2305,normal,day
1277,TRAIN_2306,normal,day
1278,TRAIN_2314,normal,day
1279,TRAIN_2320,normal,night
1280,TRAIN_2320,normal,night
1281,TRAIN_2328,snowy,day
1282,TRAIN_2328,snowy,day
1283,TRAIN_2332,normal,day
1284,TRAIN_2337,normal,day
1285,TRAIN_2349,normal,day
1286,TRAIN_2350,normal,night
1287,TRAIN_2350,normal,night
1288,TRAIN_2352,normal,day
1289,TRAIN_2356,rainy,day
1290,TRAIN_2356,rainy,day
1291,TRAIN_2356,rainy,day
1292,TRAIN_2357,snowy,day
1293,TRAIN_2357,snowy,day
1294,TRAIN_2359,rainy,night
1295,TRAIN_2359,rainy,night
1296,TRAIN_2359,rainy,night
1297,TRAIN_2359,rainy,night
1298,TRAIN_2359,rainy,night
1299,TRAIN_2359,rainy,night
1300,TRAIN_2359,rainy,night
1301,TRAIN_2359,rainy,night
1302,TRAIN_2359,rainy,night
1303,TRAIN_2359,rainy,night
1304,TRAIN_2359,rainy,night
1305,TRAIN_2359,rainy,night
1306,TRAIN_2359,rainy,night
1307,TRAIN_2359,rainy,night
1308,TRAIN_2359,rainy,night
1309,TRAIN_2360,normal,day
1310,TRAIN_2363,rainy,day
1311,TRAIN_2363,rainy,day
1312,TRAIN_2363,rainy,day
1313,TRAIN_2366,normal,day
1314,TRAIN_2369,normal,day
1315,TRAIN_2375,normal,day
1316,TRAIN_2377,normal,day
1317,TRAIN_2379,normal,day
1318,TRAIN_2381,normal,day
1319,TRAIN_2383,normal,day
1320,TRAIN_2388,normal,day
1321,TRAIN_2391,normal,night
1322,TRAIN_2391,normal,night
1323,TRAIN_2393,normal,day
1324,TRAIN_2394,normal,day
1325,TRAIN_2396,normal,day
1326,TRAIN_2400,normal,day
1327,TRAIN_2401,normal,day
1328,TRAIN_2402,normal,day
1329,TRAIN_2404,snowy,day
1330,TRAIN_2404,snowy,day
1331,TRAIN_2406,normal,day
1332,TRAIN_2412,normal,night
1333,TRAIN_2412,normal,night
1334,TRAIN_2418,rainy,day
1335,TRAIN_2418,rainy,day
1336,TRAIN_2418,rainy,day
1337,TRAIN_2420,normal,day
1338,TRAIN_2421,rainy,day
1339,TRAIN_2421,rainy,day
1340,TRAIN_2421,rainy,day
1341,TRAIN_2422,snowy,day
1342,TRAIN_2422,snowy,day
1343,TRAIN_2428,normal,day
1344,TRAIN_2429,snowy,day
1345,TRAIN_2429,snowy,day
1346,TRAIN_2431,normal,day
1347,TRAIN_2432,normal,day
1348,TRAIN_2433,normal,night
1349,TRAIN_2433,normal,night
1350,TRAIN_2435,normal,day
1351,TRAIN_2437,normal,day
1352,TRAIN_2439,normal,day
1353,TRAIN_2440,normal,day
1354,TRAIN_2441,normal,day
1355,TRAIN_2447,normal,day
1356,TRAIN_2449,normal,night
1357,TRAIN_2449,normal,night
1358,TRAIN_2451,normal,day
1359,TRAIN_2455,normal,night
1360,TRAIN_2455,normal,night
1361,TRAIN_2459,normal,night
1362,TRAIN_2459,normal,night
1363,TRAIN_2462,snowy,day
1364,TRAIN_2462,snowy,day
1365,TRAIN_2466,normal,day
1366,TRAIN_2467,snowy,day
1367,TRAIN_2467,snowy,day
1368,TRAIN_2468,normal,day
1369,TRAIN_2476,snowy,day
1370,TRAIN_2476,snowy,day
1371,TRAIN_2479,snowy,day
1372,TRAIN_2479,snowy,day
1373,TRAIN_2480,rainy,day
1374,TRAIN_2480,rainy,day
1375,TRAIN_2480,rainy,day
1376,TRAIN_2486,normal,day
1377,TRAIN_2490,normal,day
1378,TRAIN_2491,normal,day
1379,TRAIN_2495,normal,day
1380,TRAIN_2496,normal,day
1381,TRAIN_2505,normal,day
1382,TRAIN_2513,rainy,day
1383,TRAIN_2513,rainy,day
1384,TRAIN_2513,rainy,day
1385,TRAIN_2521,normal,day
1386,TRAIN_2522,normal,day
1387,TRAIN_2523,normal,day
1388,TRAIN_2525,normal,day
1389,TRAIN_2526,normal,day
1390,TRAIN_2528,rainy,day
1391,TRAIN_2528,rainy,day
1392,TRAIN_2528,rainy,day
1393,TRAIN_2530,rainy,day
1394,TRAIN_2530,rainy,day
1395,TRAIN_2530,rainy,day
1396,TRAIN_2532,normal,day
1397,TRAIN_2534,normal,day
1398,TRAIN_2541,rainy,night
1399,TRAIN_2541,rainy,night
1400,TRAIN_2541,rainy,night
1401,TRAIN_2541,rainy,night
1402,TRAIN_2541,rainy,night
1403,TRAIN_2541,rainy,night
1404,TRAIN_2541,rainy,night
1405,TRAIN_2541,rainy,night
1406,TRAIN_2541,rainy,night
1407,TRAIN_2541,rainy,night
1408,TRAIN_2541,rainy,night
1409,TRAIN_2541,rainy,night
1410,TRAIN_2541,rainy,night
1411,TRAIN_2541,rainy,night
1412,TRAIN_2541,rainy,night
1413,TRAIN_2544,normal,night
1414,TRAIN_2544,normal,night
1415,TRAIN_2547,normal,day
1416,TRAIN_2548,normal,day
1417,TRAIN_2553,normal,day
1418,TRAIN_2554,normal,day
1419,TRAIN_2555,snowy,day
1420,TRAIN_2555,snowy,day
1421,TRAIN_2556,normal,day
1422,TRAIN_2558,normal,day
1423,TRAIN_2563,normal,night
1424,TRAIN_2563,normal,night
1425,TRAIN_2564,normal,day
1426,TRAIN_2570,normal,day
1427,TRAIN_2571,normal,night
1428,TRAIN_2571,normal,night
1429,TRAIN_2574,snowy,day
1430,TRAIN_2574,snowy,day
1431,TRAIN_2576,normal,day
1432,TRAIN_2578,normal,day
1433,TRAIN_2582,normal,day
1434,TRAIN_2585,normal,day
1435,TRAIN_2588,rainy,day
1436,TRAIN_2588,rainy,day
1437,TRAIN_2588,rainy,day
1438,TRAIN_2590,normal,day
1439,TRAIN_2591,normal,day
1440,TRAIN_2592,snowy,day
1441,TRAIN_2592,snowy,day
1442,TRAIN_2595,normal,night
1443,TRAIN_2595,normal,night
1444,TRAIN_2596,rainy,day
1445,TRAIN_2596,rainy,day
1446,TRAIN_2596,rainy,day
1447,TRAIN_2599,normal,day
1448,TRAIN_2600,normal,day
1449,TRAIN_2603,normal,day
1450,TRAIN_2604,rainy,day
1451,TRAIN_2604,rainy,day
1452,TRAIN_2604,rainy,day
1453,TRAIN_2607,normal,day
1454,TRAIN_2613,normal,day
1455,TRAIN_2615,normal,day
1456,TRAIN_2618,normal,day
1457,TRAIN_2620,normal,day
1458,TRAIN_2622,snowy,day
1459,TRAIN_2622,snowy,day
1460,TRAIN_2626,normal,night
1461,TRAIN_2626,normal,night
1462,TRAIN_2627,normal,day
1463,TRAIN_2629,normal,day
1464,TRAIN_2630,normal,day
1465,TRAIN_2634,normal,day
1466,TRAIN_2635,rainy,day
1467,TRAIN_2635,rainy,day
1468,TRAIN_2635,rainy,day
1469,TRAIN_2640,normal,day
1470,TRAIN_2645,normal,day
1471,TRAIN_2647,normal,day
1472,TRAIN_2650,normal,day
1473,TRAIN_2654,rainy,night
1474,TRAIN_2654,rainy,night
1475,TRAIN_2654,rainy,night
1476,TRAIN_2654,rainy,night
1477,TRAIN_2654,rainy,night
1478,TRAIN_2654,rainy,night
1479,TRAIN_2654,rainy,night
1480,TRAIN_2654,rainy,night
1481,TRAIN_2654,rainy,night
1482,TRAIN_2654,rainy,night
1483,TRAIN_2654,rainy,night
1484,TRAIN_2654,rainy,night
1485,TRAIN_2654,rainy,night
1486,TRAIN_2654,rainy,night
1487,TRAIN_2654,rainy,night
1488,TRAIN_2655,normal,day
1489,TRAIN_2656,snowy,day
1490,TRAIN_2656,snowy,day
1491,TRAIN_2658,normal,day
1492,TRAIN_2659,normal,day
1493,TRAIN_2662,rainy,day
1494,TRAIN_2662,rainy,day
1495,TRAIN_2662,rainy,day
1496,TRAIN_2663,normal,day
1497,TRAIN_2668,normal,day
1498,TRAIN_2669,normal,day
1499,TRAIN_2682,snowy,day
1500,TRAIN_2682,snowy,day
1501,TRAIN_2685,normal,night
1502,TRAIN_2685,normal,night
1503,TRAIN_2689,normal,day
1504,TRAIN_2692,normal,day
1505,TRAIN_2693,snowy,day
1506,TRAIN_2693,snowy,day
1507,TRAIN_2694,rainy,day
1508,TRAIN_2694,rainy,day
1509,TRAIN_2694,rainy,day
